{
    "dji fc2103 4056 3040 brown 0.6666": {
        "projection_type": "brown",
        "width": 4056,
        "height": 3040,
        "focal_x": 0.6759488719911204,
        "focal_y": 0.6759488719911204,
        "c_x": -0.0012915945718669389,
        "c_y": 0.007423881680543281,
        "k1": 0.11934822398732564,
        "k2": -0.35750888142603326,
        "p1": 0.0007177859590268513,
        "p2": 6.613682286165816e-05,
        "k3": 0.19602443895524904
    }
}